<?xml version="1.0" encoding="UTF-8"?>
<feature
      id="org.eclipse.bpmn2.feature"
      label="%featureName"
      version="0.7.0.201304230617"
      provider-name="%providerName">

   <description>
      %description
   </description>

   <copyright>
      %copyright
   </copyright>

   <license url="license.html">
      %license
   </license>

   <requires>
      <import plugin="org.eclipse.core.runtime" version="3.4.0" match="compatible"/>
      <import plugin="org.eclipse.emf.ecore" version="2.4.0" match="compatible"/>
      <import plugin="org.eclipse.emf.ecore.xmi" version="2.4.0" match="compatible"/>
      <import plugin="org.eclipse.emf.edit" version="2.4.0" match="compatible"/>
      <import plugin="org.eclipse.core.resources" version="3.4.0" match="compatible"/>
      <import plugin="org.eclipse.emf.edit.ui" version="2.4.0" match="compatible"/>
      <import plugin="org.eclipse.ui.ide" version="3.4.0" match="compatible"/>
      <import plugin="org.eclipse.xsd"/>
      <import plugin="org.eclipse.bpmn2" version="0.7.0" match="equivalent"/>
      <import plugin="org.eclipse.bpmn2.edit" version="0.7.0" match="equivalent"/>
   </requires>

   <plugin
         id="org.eclipse.bpmn2"
         download-size="658"
         install-size="2201"
         version="0.7.0.201304230617"
         unpack="false"/>

   <plugin
         id="org.eclipse.bpmn2.edit"
         download-size="773"
         install-size="1466"
         version="0.7.0.201304230617"
         unpack="false"/>

   <plugin
         id="org.eclipse.bpmn2.editor"
         download-size="63"
         install-size="125"
         version="0.7.0.201304230617"
         unpack="false"/>

</feature>
