<?xml version="1.0" encoding="UTF-8"?>
<config date="1505049382673" transient="false" version="3.0">
	<site updateable="true" url="platform:/base/" enabled="true" policy="USER-EXCLUDE">
		<feature id="org.eclipse.emf.codegen.ui.source" version="2.7.0.v20140203-1126" url="features/org.eclipse.emf.codegen.ui.source_2.7.0.v20140203-1126/">
		</feature>
		<feature id="org.eclipse.emf.validation" version="1.7.0.201306111341" url="features/org.eclipse.emf.validation_1.7.0.201306111341/">
		</feature>
		<feature id="org.eclipse.emf.databinding" version="1.3.0.v20140203-1126" url="features/org.eclipse.emf.databinding_1.3.0.v20140203-1126/">
		</feature>
		<feature id="org.eclipse.emf.ecore.edit" version="2.8.0.v20140203-1126" url="features/org.eclipse.emf.ecore.edit_2.8.0.v20140203-1126/">
		</feature>
		<feature id="org.eclipse.jgit" version="3.2.0.201312181205-r" url="features/org.eclipse.jgit_3.2.0.201312181205-r/">
		</feature>
		<feature id="org.eclipse.emf.mapping.ecore" version="2.7.0.v20140203-1126" url="features/org.eclipse.emf.mapping.ecore_2.7.0.v20140203-1126/">
		</feature>
		<feature id="org.eclipse.equinox.p2.rcp.feature.source" version="1.2.0.v20140221-1852" url="features/org.eclipse.equinox.p2.rcp.feature.source_1.2.0.v20140221-1852/">
		</feature>
		<feature id="org.eclipse.wst.server_ui.feature" version="3.3.302.v20140204_1502-7B7AFRGAtNe9vEHKb-OaTZyg8E94" url="features/org.eclipse.wst.server_ui.feature_3.3.302.v20140204_1502-7B7AFRGAtNe9vEHKb-OaTZyg8E94/">
		</feature>
		<feature id="org.eclipse.graphiti.feature.tools.source" version="0.10.2.v20140217-1225" url="features/org.eclipse.graphiti.feature.tools.source_0.10.2.v20140217-1225/">
		</feature>
		<feature id="org.eclipse.graphiti.feature.examples.source" version="0.10.2.v20140217-1225" url="features/org.eclipse.graphiti.feature.examples.source_0.10.2.v20140217-1225/">
		</feature>
		<feature id="org.eclipse.emf.databinding.edit.source" version="1.3.0.v20140203-1126" url="features/org.eclipse.emf.databinding.edit.source_1.3.0.v20140203-1126/">
		</feature>
		<feature id="org.eclipse.emf.codegen.ecore.ui.source" version="2.9.1.v20140203-1126" url="features/org.eclipse.emf.codegen.ecore.ui.source_2.9.1.v20140203-1126/">
		</feature>
		<feature id="org.eclipse.epp.package.common.feature" version="2.0.2.20140224-0000" url="features/org.eclipse.epp.package.common.feature_2.0.2.20140224-0000/">
		</feature>
		<feature id="org.eclipse.e4.rcp" version="1.2.2.v20140206-1358" url="features/org.eclipse.e4.rcp_1.2.2.v20140206-1358/">
		</feature>
		<feature id="org.eclipse.emf.codegen.ecore.source" version="2.9.1.v20140203-1126" url="features/org.eclipse.emf.codegen.ecore.source_2.9.1.v20140203-1126/">
		</feature>
		<feature id="org.eclipse.emf.mapping.ecore.source" version="2.7.0.v20140203-1126" url="features/org.eclipse.emf.mapping.ecore.source_2.7.0.v20140203-1126/">
		</feature>
		<feature id="org.eclipse.egit" version="3.2.0.201312181205-r" url="features/org.eclipse.egit_3.2.0.201312181205-r/">
		</feature>
		<feature id="org.eclipse.wst.server_userdoc.feature" version="3.3.200.v20120830_2320-20Eo7w31231941a3363" url="features/org.eclipse.wst.server_userdoc.feature_3.3.200.v20120830_2320-20Eo7w31231941a3363/">
		</feature>
		<feature id="org.eclipse.emf.validation.ocl.source" version="1.7.0.201306111341" url="features/org.eclipse.emf.validation.ocl.source_1.7.0.201306111341/">
		</feature>
		<feature id="org.eclipse.jst.enterprise_core.feature" version="3.5.0.v201303132100-52FXNAkF7BG7QBHAJ77" url="features/org.eclipse.jst.enterprise_core.feature_3.5.0.v201303132100-52FXNAkF7BG7QBHAJ77/">
		</feature>
		<feature id="org.eclipse.emf.converter" version="2.9.1.v20140203-1126" url="features/org.eclipse.emf.converter_2.9.1.v20140203-1126/">
		</feature>
		<feature id="org.eclipse.emf.mapping.ecore.editor.source" version="2.8.0.v20140203-1126" url="features/org.eclipse.emf.mapping.ecore.editor.source_2.8.0.v20140203-1126/">
		</feature>
		<feature id="org.eclipse.emf.ecore" version="2.9.2.v20131212-0545" url="features/org.eclipse.emf.ecore_2.9.2.v20131212-0545/">
		</feature>
		<feature id="org.eclipse.platform.source" version="4.3.2.v20140221-1852" url="features/org.eclipse.platform.source_4.3.2.v20140221-1852/">
		</feature>
		<feature id="org.eclipse.emf.ecore.edit.source" version="2.8.0.v20140203-1126" url="features/org.eclipse.emf.ecore.edit.source_2.8.0.v20140203-1126/">
		</feature>
		<feature id="org.eclipse.rcp.source" version="4.3.2.v20140221-1700" url="features/org.eclipse.rcp.source_4.3.2.v20140221-1700/">
		</feature>
		<feature id="org.eclipse.emf.codegen" version="2.9.0.v20140203-1126" url="features/org.eclipse.emf.codegen_2.9.0.v20140203-1126/">
		</feature>
		<feature id="org.eclipse.emf.common.ui.source" version="2.8.0.v20140203-1126" url="features/org.eclipse.emf.common.ui.source_2.8.0.v20140203-1126/">
		</feature>
		<feature id="org.eclipse.emf.edit.source" version="2.9.0.v20140203-1126" url="features/org.eclipse.emf.edit.source_2.9.0.v20140203-1126/">
		</feature>
		<feature id="org.eclipse.emf.ecore.editor" version="2.9.0.v20140203-1126" url="features/org.eclipse.emf.ecore.editor_2.9.0.v20140203-1126/">
		</feature>
		<feature id="org.eclipse.graphiti.sdk.feature" version="0.10.2.v20140217-1225" url="features/org.eclipse.graphiti.sdk.feature_0.10.2.v20140217-1225/">
		</feature>
		<feature id="org.eclipse.emf.common" version="2.9.2.v20131212-0545" url="features/org.eclipse.emf.common_2.9.2.v20131212-0545/">
		</feature>
		<feature id="org.eclipse.wst.xml_ui.feature" version="3.5.2.v201401062113-7H7IFizDxumVu0K6bjdPjXRkoz0FiUYMnSyT9PL" url="features/org.eclipse.wst.xml_ui.feature_3.5.2.v201401062113-7H7IFizDxumVu0K6bjdPjXRkoz0FiUYMnSyT9PL/" plugin-identifier="org.eclipse.wst.xml.ui">
		</feature>
		<feature id="org.eclipse.wst.common_core.feature" version="3.5.2.v201312050600-7B7EFSkF7RZHOoKlQwR7NJ" url="features/org.eclipse.wst.common_core.feature_3.5.2.v201312050600-7B7EFSkF7RZHOoKlQwR7NJ/">
		</feature>
		<feature id="org.eclipse.emf.mapping" version="2.7.0.v20140203-1126" url="features/org.eclipse.emf.mapping_2.7.0.v20140203-1126/">
		</feature>
		<feature id="org.eclipse.emf.common.ui" version="2.8.0.v20140203-1126" url="features/org.eclipse.emf.common.ui_2.8.0.v20140203-1126/">
		</feature>
		<feature id="org.eclipse.emf.validation.ocl" version="1.7.0.201306111341" url="features/org.eclipse.emf.validation.ocl_1.7.0.201306111341/">
		</feature>
		<feature id="org.eclipse.emf.ecore.editor.source" version="2.9.0.v20140203-1126" url="features/org.eclipse.emf.ecore.editor.source_2.9.0.v20140203-1126/">
		</feature>
		<feature id="org.eclipse.cvs.source" version="1.4.0.v20140221-1700" url="features/org.eclipse.cvs.source_1.4.0.v20140221-1700/">
		</feature>
		<feature id="org.eclipse.graphiti.source.feature" version="0.10.2.v20140217-1225" url="features/org.eclipse.graphiti.source.feature_0.10.2.v20140217-1225/">
		</feature>
		<feature id="org.eclipse.emf.mapping.source" version="2.7.0.v20140203-1126" url="features/org.eclipse.emf.mapping.source_2.7.0.v20140203-1126/">
		</feature>
		<feature id="org.eclipse.equinox.p2.core.feature" version="1.2.1.v20140221-1852" url="features/org.eclipse.equinox.p2.core.feature_1.2.1.v20140221-1852/">
		</feature>
		<feature id="org.eclipse.jdt.source" version="3.9.2.v20140221-1700" url="features/org.eclipse.jdt.source_3.9.2.v20140221-1700/">
		</feature>
		<feature id="org.eclipse.jdt" version="3.9.2.v20140221-1700" url="features/org.eclipse.jdt_3.9.2.v20140221-1700/">
		</feature>
		<feature id="org.eclipse.equinox.p2.user.ui" version="2.2.0.v20140221-1852" url="features/org.eclipse.equinox.p2.user.ui_2.2.0.v20140221-1852/">
		</feature>
		<feature id="org.eclipse.help.source" version="2.0.2.v20140221-1700" url="features/org.eclipse.help.source_2.0.2.v20140221-1700/">
		</feature>
		<feature id="org.eclipse.ocl.all" version="4.1.0.v20140120-1508" url="features/org.eclipse.ocl.all_4.1.0.v20140120-1508/">
		</feature>
		<feature id="org.eclipse.ocl.source" version="3.3.0.v20140120-1508" url="features/org.eclipse.ocl.source_3.3.0.v20140120-1508/">
		</feature>
		<feature id="org.eclipse.emf.sdk" version="2.9.2.v20140203-1126" url="features/org.eclipse.emf.sdk_2.9.2.v20140203-1126/">
		</feature>
		<feature id="org.eclipse.wst.web_core.feature" version="3.5.2.v201401062113-7E7KF_fAJz0nDYOr4pKSKvNVwbvbvUz" url="features/org.eclipse.wst.web_core.feature_3.5.2.v201401062113-7E7KF_fAJz0nDYOr4pKSKvNVwbvbvUz/">
		</feature>
		<feature id="org.eclipse.emf.edit" version="2.9.0.v20140203-1126" url="features/org.eclipse.emf.edit_2.9.0.v20140203-1126/">
		</feature>
		<feature id="org.eclipse.ocl" version="3.3.0.v20140120-1508" url="features/org.eclipse.ocl_3.3.0.v20140120-1508/">
		</feature>
		<feature id="org.eclipse.equinox.p2.discovery.feature" version="1.0.100.v20130502-0334" url="features/org.eclipse.equinox.p2.discovery.feature_1.0.100.v20130502-0334/">
		</feature>
		<feature id="org.eclipse.emf.mapping.ecore.editor" version="2.8.0.v20140203-1126" url="features/org.eclipse.emf.mapping.ecore.editor_2.8.0.v20140203-1126/">
		</feature>
		<feature id="org.eclipse.wst.xml_core.feature" version="3.5.2.v201401062113-7C7OFvVF7RZHQXIlNxNyPh" url="features/org.eclipse.wst.xml_core.feature_3.5.2.v201401062113-7C7OFvVF7RZHQXIlNxNyPh/">
		</feature>
		<feature id="org.eclipse.emf.doc" version="2.8.0.v20140203-1126" url="features/org.eclipse.emf.doc_2.8.0.v20140203-1126/">
		</feature>
		<feature id="org.eclipse.pde" version="3.9.1.v20140221-1700" url="features/org.eclipse.pde_3.9.1.v20140221-1700/">
		</feature>
		<feature id="org.eclipse.graphiti.feature.tools" version="0.10.2.v20140217-1225" url="features/org.eclipse.graphiti.feature.tools_0.10.2.v20140217-1225/">
		</feature>
		<feature id="org.eclipse.emf.codegen.ecore" version="2.9.1.v20140203-1126" url="features/org.eclipse.emf.codegen.ecore_2.9.1.v20140203-1126/">
		</feature>
		<feature id="org.eclipse.jst.enterprise_ui.feature" version="3.5.2.v201311051900-7b7KIawFSK2WQyUFC2y01XXyUmRm" url="features/org.eclipse.jst.enterprise_ui.feature_3.5.2.v201311051900-7b7KIawFSK2WQyUFC2y01XXyUmRm/" plugin-identifier="org.eclipse.jst.jee.ui">
		</feature>
		<feature id="org.eclipse.rcp.configuration" version="1.0.0.v20140117-0610" url="features/org.eclipse.rcp.configuration_1.0.0.v20140117-0610/">
		</feature>
		<feature id="org.eclipse.bpmn2.feature" version="0.7.0.201304230617" url="features/org.eclipse.bpmn2.feature_0.7.0.201304230617/">
		</feature>
		<feature id="org.eclipse.platform" version="4.3.2.v20140221-1852" url="features/org.eclipse.platform_4.3.2.v20140221-1852/">
		</feature>
		<feature id="org.eclipse.wst.xml_userdoc.feature" version="3.3.0.v201102071641-50FYwAkF7B77UBZFDBL" url="features/org.eclipse.wst.xml_userdoc.feature_3.3.0.v201102071641-50FYwAkF7B77UBZFDBL/">
		</feature>
		<feature id="org.eclipse.emf.databinding.source" version="1.3.0.v20140203-1126" url="features/org.eclipse.emf.databinding.source_1.3.0.v20140203-1126/">
		</feature>
		<feature id="org.eclipse.help" version="2.0.2.v20140221-1700" url="features/org.eclipse.help_2.0.2.v20140221-1700/" plugin-identifier="org.eclipse.help.base">
		</feature>
		<feature id="org.eclipse.pde.source" version="3.9.1.v20140221-1700" url="features/org.eclipse.pde.source_3.9.1.v20140221-1700/">
		</feature>
		<feature id="org.eclipse.emf.source" version="2.9.2.v20140203-1126" url="features/org.eclipse.emf.source_2.9.2.v20140203-1126/">
		</feature>
		<feature id="org.eclipse.emf.codegen.ui" version="2.7.0.v20140203-1126" url="features/org.eclipse.emf.codegen.ui_2.7.0.v20140203-1126/">
		</feature>
		<feature id="org.eclipse.emf.doc.source" version="2.8.0.v20140203-1126" url="features/org.eclipse.emf.doc.source_2.8.0.v20140203-1126/">
		</feature>
		<feature id="org.eclipse.wst.web_userdoc.feature" version="3.3.0.v201102200555-31Eo8s734B3E4H7799" url="features/org.eclipse.wst.web_userdoc.feature_3.3.0.v201102200555-31Eo8s734B3E4H7799/">
		</feature>
		<feature id="org.eclipse.emf.validation.doc" version="1.7.0.201306111341" url="features/org.eclipse.emf.validation.doc_1.7.0.201306111341/">
		</feature>
		<feature id="org.eclipse.equinox.p2.extras.feature" version="1.2.0.v20140221-1852" url="features/org.eclipse.equinox.p2.extras.feature_1.2.0.v20140221-1852/">
		</feature>
		<feature id="org.eclipse.emf.edit.ui.source" version="2.9.0.v20140203-1126" url="features/org.eclipse.emf.edit.ui.source_2.9.0.v20140203-1126/">
		</feature>
		<feature id="org.eclipse.emf.validation.sdk" version="1.7.0.201306111341" url="features/org.eclipse.emf.validation.sdk_1.7.0.201306111341/">
		</feature>
		<feature id="org.eclipse.equinox.p2.user.ui.source" version="2.2.0.v20140221-1852" url="features/org.eclipse.equinox.p2.user.ui.source_2.2.0.v20140221-1852/">
		</feature>
		<feature id="org.eclipse.ocl.uml" version="4.1.0.v20140120-1508" url="features/org.eclipse.ocl.uml_4.1.0.v20140120-1508/">
		</feature>
		<feature id="org.eclipse.rcp" version="4.3.2.v20140221-1700" url="features/org.eclipse.rcp_4.3.2.v20140221-1700/">
		</feature>
		<feature id="org.eclipse.emf.codegen.ecore.ui" version="2.9.1.v20140203-1126" url="features/org.eclipse.emf.codegen.ecore.ui_2.9.1.v20140203-1126/">
		</feature>
		<feature id="org.eclipse.epp.package.standard.feature" version="2.0.2.20140224-0000" url="features/org.eclipse.epp.package.standard.feature_2.0.2.20140224-0000/" plugin-identifier="org.eclipse.epp.package.standard">
		</feature>
		<feature id="org.eclipse.jst.enterprise_userdoc.feature" version="3.3.100.v201105122000-62FUGBgJ9EA9aEeHRHc" url="features/org.eclipse.jst.enterprise_userdoc.feature_3.3.100.v201105122000-62FUGBgJ9EA9aEeHRHc/">
		</feature>
		<feature id="org.eclipse.wst.web_ui.feature" version="3.5.2.v201401062113-7O7QG3wEMkBS3Graz0gRCYqCz-PVayJqBmOpb93L" url="features/org.eclipse.wst.web_ui.feature_3.5.2.v201401062113-7O7QG3wEMkBS3Graz0gRCYqCz-PVayJqBmOpb93L/" plugin-identifier="org.eclipse.wst.web.ui">
		</feature>
		<feature id="org.eclipse.emf.edit.ui" version="2.9.0.v20140203-1126" url="features/org.eclipse.emf.edit.ui_2.9.0.v20140203-1126/">
		</feature>
		<feature id="org.eclipse.equinox.p2.core.feature.source" version="1.2.1.v20140221-1852" url="features/org.eclipse.equinox.p2.core.feature.source_1.2.1.v20140221-1852/">
		</feature>
		<feature id="org.eclipse.graphiti.feature.examples" version="0.10.2.v20140217-1225" url="features/org.eclipse.graphiti.feature.examples_0.10.2.v20140217-1225/">
		</feature>
		<feature id="org.eclipse.emf" version="2.9.2.v20140203-1126" url="features/org.eclipse.emf_2.9.2.v20140203-1126/">
		</feature>
		<feature id="org.eclipse.emf.mapping.ui" version="2.7.0.v20140203-1126" url="features/org.eclipse.emf.mapping.ui_2.7.0.v20140203-1126/">
		</feature>
		<feature id="org.eclipse.ocl.core.sdk" version="4.1.0.v20140120-1508" url="features/org.eclipse.ocl.core.sdk_4.1.0.v20140120-1508/">
		</feature>
		<feature id="org.eclipse.e4.rcp.source" version="1.2.2.v20140206-1358" url="features/org.eclipse.e4.rcp.source_1.2.2.v20140206-1358/">
		</feature>
		<feature id="org.eclipse.emf.converter.source" version="2.9.1.v20140203-1126" url="features/org.eclipse.emf.converter.source_2.9.1.v20140203-1126/">
		</feature>
		<feature id="org.eclipse.epp.mpc" version="1.2.1.v20140219-1000" url="features/org.eclipse.epp.mpc_1.2.1.v20140219-1000/" plugin-identifier="org.eclipse.epp.mpc.ui">
		</feature>
		<feature id="org.eclipse.emf.mapping.ui.source" version="2.7.0.v20140203-1126" url="features/org.eclipse.emf.mapping.ui.source_2.7.0.v20140203-1126/">
		</feature>
		<feature id="org.eclipse.emf.validation.source" version="1.7.0.201306111341" url="features/org.eclipse.emf.validation.source_1.7.0.201306111341/">
		</feature>
		<feature id="org.eclipse.emf.codegen.source" version="2.9.0.v20140203-1126" url="features/org.eclipse.emf.codegen.source_2.9.0.v20140203-1126/">
		</feature>
		<feature id="org.eclipse.emf.databinding.edit" version="1.3.0.v20140203-1126" url="features/org.eclipse.emf.databinding.edit_1.3.0.v20140203-1126/">
		</feature>
		<feature id="org.eclipse.graphiti.feature" version="0.10.2.v20140217-1225" url="features/org.eclipse.graphiti.feature_0.10.2.v20140217-1225/" plugin-identifier="org.eclipse.graphiti.ui">
		</feature>
		<feature id="org.eclipse.ocl.uml.source" version="4.1.0.v20140120-1508" url="features/org.eclipse.ocl.uml.source_4.1.0.v20140120-1508/">
		</feature>
		<feature id="org.eclipse.equinox.p2.rcp.feature" version="1.2.0.v20140221-1852" url="features/org.eclipse.equinox.p2.rcp.feature_1.2.0.v20140221-1852/">
		</feature>
		<feature id="org.eclipse.equinox.p2.extras.feature.source" version="1.2.0.v20140221-1852" url="features/org.eclipse.equinox.p2.extras.feature.source_1.2.0.v20140221-1852/">
		</feature>
		<feature id="org.eclipse.cvs" version="1.4.0.v20140221-1700" url="features/org.eclipse.cvs_1.4.0.v20140221-1700/">
		</feature>
		<feature id="org.eclipse.wst.jsdt.feature" version="1.5.2.v201401171657-7H7FFhXFC7sReuSlgtfhew" url="features/org.eclipse.wst.jsdt.feature_1.5.2.v201401171657-7H7FFhXFC7sReuSlgtfhew/" plugin-identifier="org.eclipse.wst.jsdt.ui">
		</feature>
		<feature id="org.eclipse.wst.server_core.feature" version="3.3.300.v20131206_1548-34F8S8s7358384La2533" url="features/org.eclipse.wst.server_core.feature_3.3.300.v20131206_1548-34F8S8s7358384La2533/">
		</feature>
		<feature id="org.eclipse.wst.common_ui.feature" version="3.5.2.v201310231535-7C7BFeGEdhOaxlXh9oUj1pLmRxS8OK" url="features/org.eclipse.wst.common_ui.feature_3.5.2.v201310231535-7C7BFeGEdhOaxlXh9oUj1pLmRxS8OK/">
		</feature>
	</site>
</config>
