<?xml version="1.0" encoding="UTF-8"?>
<config transient="false" date="1393237826801">
	<site enabled="true" updateable="true" policy="USER-EXCLUDE" url="platform:/base/">
		<feature id="org.eclipse.equinox.p2.extras.feature.source" url="features/org.eclipse.equinox.p2.extras.feature.source_1.2.0.v20140221-1852/" version="1.2.0.v20140221-1852">
		</feature>
		<feature id="org.eclipse.jgit" url="features/org.eclipse.jgit_3.2.0.201312181205-r/" version="3.2.0.201312181205-r">
		</feature>
		<feature id="org.eclipse.rcp.source" url="features/org.eclipse.rcp.source_4.3.2.v20140221-1700/" version="4.3.2.v20140221-1700">
		</feature>
		<feature id="org.eclipse.epp.package.standard.feature" plugin-identifier="org.eclipse.epp.package.standard" url="features/org.eclipse.epp.package.standard.feature_2.0.2.20140224-0000/" version="2.0.2.20140224-0000">
		</feature>
		<feature id="org.eclipse.equinox.p2.extras.feature" url="features/org.eclipse.equinox.p2.extras.feature_1.2.0.v20140221-1852/" version="1.2.0.v20140221-1852">
		</feature>
		<feature id="org.eclipse.epp.mpc" plugin-identifier="org.eclipse.epp.mpc.ui" url="features/org.eclipse.epp.mpc_1.2.1.v20140219-1000/" version="1.2.1.v20140219-1000">
		</feature>
		<feature id="org.eclipse.e4.rcp" url="features/org.eclipse.e4.rcp_1.2.2.v20140206-1358/" version="1.2.2.v20140206-1358">
		</feature>
		<feature id="org.eclipse.platform" url="features/org.eclipse.platform_4.3.2.v20140221-1852/" version="4.3.2.v20140221-1852">
		</feature>
		<feature id="org.eclipse.emf.ecore" url="features/org.eclipse.emf.ecore_2.9.2.v20131212-0545/" version="2.9.2.v20131212-0545">
		</feature>
		<feature id="org.eclipse.rcp.configuration" url="features/org.eclipse.rcp.configuration_1.0.0.v20140117-0610/" version="1.0.0.v20140117-0610">
		</feature>
		<feature id="org.eclipse.equinox.p2.discovery.feature" url="features/org.eclipse.equinox.p2.discovery.feature_1.0.100.v20130502-0334/" version="1.0.100.v20130502-0334">
		</feature>
		<feature id="org.eclipse.equinox.p2.rcp.feature.source" url="features/org.eclipse.equinox.p2.rcp.feature.source_1.2.0.v20140221-1852/" version="1.2.0.v20140221-1852">
		</feature>
		<feature id="org.eclipse.epp.package.common.feature" url="features/org.eclipse.epp.package.common.feature_2.0.2.20140224-0000/" version="2.0.2.20140224-0000">
		</feature>
		<feature id="org.eclipse.e4.rcp.source" url="features/org.eclipse.e4.rcp.source_1.2.2.v20140206-1358/" version="1.2.2.v20140206-1358">
		</feature>
		<feature id="org.eclipse.equinox.p2.rcp.feature" url="features/org.eclipse.equinox.p2.rcp.feature_1.2.0.v20140221-1852/" version="1.2.0.v20140221-1852">
		</feature>
		<feature id="org.eclipse.jdt.source" url="features/org.eclipse.jdt.source_3.9.2.v20140221-1700/" version="3.9.2.v20140221-1700">
		</feature>
		<feature id="org.eclipse.help.source" url="features/org.eclipse.help.source_2.0.2.v20140221-1700/" version="2.0.2.v20140221-1700">
		</feature>
		<feature id="org.eclipse.equinox.p2.core.feature.source" url="features/org.eclipse.equinox.p2.core.feature.source_1.2.1.v20140221-1852/" version="1.2.1.v20140221-1852">
		</feature>
		<feature id="org.eclipse.cvs.source" url="features/org.eclipse.cvs.source_1.4.0.v20140221-1700/" version="1.4.0.v20140221-1700">
		</feature>
		<feature id="org.eclipse.platform.source" url="features/org.eclipse.platform.source_4.3.2.v20140221-1852/" version="4.3.2.v20140221-1852">
		</feature>
		<feature id="org.eclipse.jdt" url="features/org.eclipse.jdt_3.9.2.v20140221-1700/" version="3.9.2.v20140221-1700">
		</feature>
		<feature id="org.eclipse.pde.source" url="features/org.eclipse.pde.source_3.9.1.v20140221-1700/" version="3.9.1.v20140221-1700">
		</feature>
		<feature id="org.eclipse.equinox.p2.core.feature" url="features/org.eclipse.equinox.p2.core.feature_1.2.1.v20140221-1852/" version="1.2.1.v20140221-1852">
		</feature>
		<feature id="org.eclipse.equinox.p2.user.ui" url="features/org.eclipse.equinox.p2.user.ui_2.2.0.v20140221-1852/" version="2.2.0.v20140221-1852">
		</feature>
		<feature id="org.eclipse.help" plugin-identifier="org.eclipse.help.base" url="features/org.eclipse.help_2.0.2.v20140221-1700/" version="2.0.2.v20140221-1700">
		</feature>
		<feature id="org.eclipse.cvs" url="features/org.eclipse.cvs_1.4.0.v20140221-1700/" version="1.4.0.v20140221-1700">
		</feature>
		<feature id="org.eclipse.pde" url="features/org.eclipse.pde_3.9.1.v20140221-1700/" version="3.9.1.v20140221-1700">
		</feature>
		<feature id="org.eclipse.rcp" url="features/org.eclipse.rcp_4.3.2.v20140221-1700/" version="4.3.2.v20140221-1700">
		</feature>
		<feature id="org.eclipse.equinox.p2.user.ui.source" url="features/org.eclipse.equinox.p2.user.ui.source_2.2.0.v20140221-1852/" version="2.2.0.v20140221-1852">
		</feature>
		<feature id="org.eclipse.egit" url="features/org.eclipse.egit_3.2.0.201312181205-r/" version="3.2.0.201312181205-r">
		</feature>
		<feature id="org.eclipse.emf.common" url="features/org.eclipse.emf.common_2.9.2.v20131212-0545/" version="2.9.2.v20131212-0545">
		</feature>
	</site>
</config>
