<?xml version='1.0' encoding='UTF-8'?>
<?artifactRepository version='1.1.0'?>
<repository name='E:\to be upload\eclipse-standard-kepler-SR2-win32-x86_64\eclipse\.eclipseextension' type='org.eclipse.equinox.p2.artifact.repository.simpleRepository' version='1.0.0'>
  <properties size='3'>
    <property name='p2.timestamp' value='1505049585435'/>
    <property name='org.eclipse.update.site.policy' value='USER-EXCLUDE'/>
    <property name='org.eclipse.update.site.list' value=''/>
  </properties>
  <mappings size='3'>
    <rule filter='(&amp; (classifier=osgi.bundle))' output='${repoUrl}/plugins/${id}_${version}.jar'/>
    <rule filter='(&amp; (classifier=binary))' output='${repoUrl}/binary/${id}_${version}'/>
    <rule filter='(&amp; (classifier=org.eclipse.update.feature))' output='${repoUrl}/features/${id}_${version}.jar'/>
  </mappings>
  <artifacts size='1'>
    <artifact classifier='osgi.bundle' id='org.camunda.bpm.modeler' version='2.3.1'>
      <properties size='2'>
        <property name='artifact.size' value='1752372'/>
        <property name='download.size' value='1752372'/>
      </properties>
      <repositoryProperties size='2'>
        <property name='artifact.reference' value='file:/E:/to%20be%20upload/eclipse-standard-kepler-SR2-win32-x86_64/eclipse/plugins/org.camunda.bpm.modeler_2.3.1.jar'/>
        <property name='file.name' value='E:\to be upload\eclipse-standard-kepler-SR2-win32-x86_64\eclipse\plugins\org.camunda.bpm.modeler_2.3.1.jar'/>
      </repositoryProperties>
    </artifact>
  </artifacts>
</repository>
