<?xml version='1.0' encoding='UTF-8'?>
<?artifactRepository version='1.1.0'?>
<repository name='download cache' type='org.eclipse.equinox.p2.artifact.repository.simpleRepository' version='1.0.0'>
  <properties size='2'>
    <property name='p2.system' value='true'/>
    <property name='p2.timestamp' value='1505048809828'/>
  </properties>
  <mappings size='3'>
    <rule filter='(&amp; (classifier=osgi.bundle))' output='${repoUrl}/plugins/${id}_${version}.jar'/>
    <rule filter='(&amp; (classifier=binary))' output='${repoUrl}/binary/${id}_${version}'/>
    <rule filter='(&amp; (classifier=org.eclipse.update.feature))' output='${repoUrl}/features/${id}_${version}.jar'/>
  </mappings>
  <artifacts size='10'>
    <artifact classifier='binary' id='org.eclipse.emf.validation.sdk_root' version='1.7.0.201306111341'>
      <properties size='1'>
        <property name='download.size' value='7720'/>
      </properties>
    </artifact>
    <artifact classifier='binary' id='org.eclipse.platform.ide.executable.win32.win32.x86_64' version='4.3.2.M20140221-1700'>
      <properties size='1'>
        <property name='download.size' value='123496'/>
      </properties>
    </artifact>
    <artifact classifier='binary' id='org.eclipse.jdt_root' version='3.9.2.v20140221-1700'>
      <properties size='1'>
        <property name='download.size' value='8902'/>
      </properties>
    </artifact>
    <artifact classifier='binary' id='org.eclipse.platform_root' version='4.3.2.v20140221-1852'>
      <properties size='1'>
        <property name='download.size' value='9030'/>
      </properties>
    </artifact>
    <artifact classifier='binary' id='org.eclipse.cvs_root' version='1.4.0.v20140221-1700'>
      <properties size='1'>
        <property name='download.size' value='8902'/>
      </properties>
    </artifact>
    <artifact classifier='binary' id='org.eclipse.emf.validation_root' version='1.7.0.201306111341'>
      <properties size='1'>
        <property name='download.size' value='7720'/>
      </properties>
    </artifact>
    <artifact classifier='binary' id='org.eclipse.rcp_root' version='4.3.2.v20140221-1700'>
      <properties size='1'>
        <property name='download.size' value='37259'/>
      </properties>
    </artifact>
    <artifact classifier='binary' id='org.eclipse.rcp.configuration_root.win32.win32.x86_64' version='1.0.0.v20140117-0610'>
      <properties size='1'>
        <property name='download.size' value='123496'/>
      </properties>
    </artifact>
    <artifact classifier='binary' id='org.eclipse.emf.validation.ocl_root' version='1.7.0.201306111341'>
      <properties size='1'>
        <property name='download.size' value='7720'/>
      </properties>
    </artifact>
    <artifact classifier='binary' id='org.eclipse.emf.validation.doc_root' version='1.7.0.201306111341'>
      <properties size='1'>
        <property name='download.size' value='7720'/>
      </properties>
    </artifact>
  </artifacts>
</repository>
