<?xml version="1.0" encoding="UTF-8"?>
<!-- contextQualifierLength=14 -->
<!-- contextQualifierLength=14 -->
<feature
      id="org.eclipse.ocl.uml"
      label="%featureName"
      version="4.1.0.v20140120-1508"
      provider-name="%providerName">

   <description url="http://www.eclipse.org/modeling/mdt/ocl">
      %description
   </description>

   <copyright url="http://www.eclipse.org/legal/epl-v10.html">
      Copyright (c) 2005, 2013 IBM Corporation and others.
All rights reserved.   This program and the accompanying materials
are made available under the terms of the Eclipse Public License v1.0
which accompanies this distribution, and is available at
http://www.eclipse.org/legal/epl-v10.html
   </copyright>

   <license url="%licenseURL">
      %license
   </license>

   <url>
      <update label="%updateSiteName" url="http://www.eclipse.org/modeling/updates"/>
      <discovery label="%updateSiteName" url="http://www.eclipse.org/modeling/updates"/>
   </url>

   <plugin
         id="lpg.runtime.java"
         download-size="0"
         install-size="0"
         version="2.0.17.v201004271640"
         unpack="false"/>

   <plugin
         id="org.eclipse.ocl"
         download-size="0"
         install-size="0"
         version="3.3.0.v20140120-1508"
         unpack="false"/>

   <plugin
         id="org.eclipse.ocl.uml"
         download-size="0"
         install-size="0"
         version="4.0.100.v20140120-1508"
         unpack="false"/>

</feature>
